model_variant,beer,folds,Model MAE,Naive MAE,Model RMSE,Naive RMSE,Model SMAPE (%),Naive SMAPE (%)
Weekly + Weather + Events,Hoop Bleke Nelis,3,168.84230088083925,211.25872549019607,246.74296679743986,306.7173454050931,51.82096685021428,60.06563411710027
Weekly + Weather + Events,Hoop Lager,3,310.22803195704813,455.48372549019604,539.8452451990122,722.2696566856557,81.62391941512227,91.07268336258456
Weekly + Weather + Events,Hoop Kaper Tropical IPA,3,70.08936713194235,96.35372549019608,101.85463771182127,133.02845582235003,71.58367157890062,83.66732505555133
Weekly + Weather (No Events),Hoop Bleke Nelis,3,168.84230088083925,211.25872549019607,246.74296679743986,306.7173454050931,51.82096685021428,60.06563411710027
Weekly + Weather (No Events),Hoop Lager,3,310.22803195704813,455.48372549019604,539.8452451990122,722.2696566856557,81.62391941512227,91.07268336258456
Weekly + Weather (No Events),Hoop Kaper Tropical IPA,3,70.08936713194235,96.35372549019608,101.85463771182127,133.02845582235003,71.58367157890062,83.66732505555133
