beer,folds,Model MAE,Naive MAE,Model RMSE,Naive RMSE,Model SMAPE (%),Naive SMAPE (%)
Hoop Bleke Nelis,3,168.84230088083925,211.25872549019607,246.74296679743986,306.7173454050931,51.82096685021428,60.06563411710027
Hoop Lager,3,310.22803195704813,455.48372549019604,539.8452451990122,722.2696566856557,81.62391941512227,91.07268336258456
Hoop Kaper Tropical IPA,3,70.08936713194235,96.35372549019608,101.85463771182127,133.02845582235003,71.58367157890062,83.66732505555133
